Accuracy,MAE,RMSE,NUMERO,PercentTest
0.9598765432098766,,,1,0.2
0.954225352112676,,,1,0.3
0.9588477366255144,,,1,0.4
